<?xml version="1.0" encoding="UTF-8"?>
<jcr:root xmlns:oak="http://jackrabbit.apache.org/oak/ns/1.0" xmlns:dam="http://www.day.com/dam/1.0" xmlns:jcr="http://www.jcp.org/jcr/1.0" xmlns:nt="http://www.jcp.org/jcr/nt/1.0" xmlns:rep="internal"
    jcr:mixinTypes="[rep:AccessControllable]"
    jcr:primaryType="nt:unstructured">
    <socialLucene/>
    <workflowDataLucene/>
    <slingeventJob/>
    <jcrLanguage/>
    <versionStoreIndex/>
    <repMembers/>
    <cqReportsLucene/>
    <commerceLucene/>
    <counter/>
    <authorizables/>
    <enablementResourceName/>
    <externalPrincipalNames/>
    <cmLucene/>
    <cqProjectLucene/>
    <acPrincipalName/>
    <uuid/>
    <damAssetLucene
        jcr:primaryType="oak:QueryIndexDefinition"
        async="[async,nrt]"
        compatVersion="{Long}2"
        evaluatePathRestrictions="{Boolean}true"
        includedPaths="[/content/dam]"
        reindex="{Boolean}false"
        reindexCount="{Long}4"
        type="lucene">
        <indexRules jcr:primaryType="nt:unstructured">
            <dam:Asset jcr:primaryType="nt:unstructured">
                <properties jcr:primaryType="nt:unstructured">
                    <cqTags/>
                    <dcFormat/>
                    <damStatus/>
                    <videoCodec/>
                    <audioCodec/>
                    <dcTitle/>
                    <dcDescription/>
                    <xmpMMInstanceId/>
                    <xmpMMDocumentId/>
                    <damSha1/>
                    <hasValidMetadata/>
                    <refExpired/>
                    <videoBitrate/>
                    <audioBitrate/>
                    <usedBy/>
                    <jcrLastModified/>
                    <expirationDate/>
                    <onTime/>
                    <offTime/>
                    <damSize/>
                    <averageRating/>
                    <tiffImageWidth/>
                    <tiffImageLength/>
                    <score/>
                    <predictedTags
                        jcr:primaryType="nt:unstructured"
                        isRegexp="{Boolean}true"
                        name="jcr:content/metadata/predictedTags/*/name"
                        nodeScopeIndex="{Boolean}true"/>
                    <predictedTagsConfidence/>
                    <damSearchElevate/>
                    <jcrTitle/>
                    <jcrDescription/>
                    <jcrCreated/>
                    <cqLastReplicated/>
                    <brandPortalReplicated/>
                </properties>
            </dam:Asset>
        </indexRules>
    </damAssetLucene>
    <rep:policy/>
    <cqPayloadPath/>
    <nodetypeLucene/>
    <nodetype/>
    <ntBaseLucene/>
    <reference/>
    <principalName/>
    <cqTagLucene/>
    <lucene/>
    <repTokenIndex/>
    <externalId/>
    <authorizableId/>
    <cqPageLucene/>
</jcr:root>
