<?xml version="1.0" encoding="UTF-8"?>
<jcr:root xmlns:oak="http://jackrabbit.apache.org/oak/ns/1.0" xmlns:jcr="http://www.jcp.org/jcr/1.0" xmlns:nt="http://www.jcp.org/jcr/nt/1.0" xmlns:rep="internal"
    jcr:mixinTypes="[rep:AccessControllable]"
    jcr:primaryType="nt:unstructured">
    <socialLucene/>
    <workflowDataLucene/>
    <slingeventJob/>
    <jcrLanguage/>
    <versionStoreIndex/>
    <repMembers/>
    <cqReportsLucene/>
    <commerceLucene/>
    <counter/>
    <authorizables/>
    <enablementResourceName/>
    <externalPrincipalNames/>
    <cmLucene/>
    <cqProjectLucene/>
    <acPrincipalName/>
    <uuid/>
    <damAssetLucene
        jcr:primaryType="oak:QueryIndexDefinition"
        async="[async,nrt]"
        compatVersion="{Long}2"
        evaluatePathRestrictions="{Boolean}true"
        includedPaths="[/content/dam]"
        reindex="{Boolean}false"
        reindexCount="{Long}3"
        type="lucene">
        <analyzers jcr:primaryType="nt:unstructured">
            <default jcr:primaryType="nt:unstructured">
                <filters jcr:primaryType="nt:unstructured"/>
                <tokenizer
                    jcr:primaryType="nt:unstructured"
                    name="Standard"/>
            </default>
        </analyzers>
    </damAssetLucene>
    <rep:policy/>
    <cqPayloadPath/>
    <nodetypeLucene/>
    <nodetype/>
    <ntBaseLucene/>
    <reference/>
    <ntBaseFacets/>
    <principalName/>
    <cqTagLucene/>
    <lucene/>
    <repTokenIndex/>
    <externalId/>
    <authorizableId/>
    <cqPageLucene/>
</jcr:root>
