<?xml version="1.0" encoding="UTF-8"?>
<jcr:root xmlns:oak="http://jackrabbit.apache.org/oak/ns/1.0" xmlns:jcr="http://www.jcp.org/jcr/1.0" xmlns:nt="http://www.jcp.org/jcr/nt/1.0" xmlns:rep="internal"
    jcr:mixinTypes="[rep:AccessControllable]"
    jcr:primaryType="nt:unstructured">
    <socialLucene/>
    <workflowDataLucene/>
    <slingeventJob/>
    <jcrLanguage/>
    <versionStoreIndex/>
    <repMembers/>
    <cqReportsLucene/>
    <commerceLucene/>
    <counter/>
    <authorizables/>
    <enablementResourceName/>
    <externalPrincipalNames/>
    <cmLucene/>
    <cqProjectLucene/>
    <acPrincipalName/>
    <uuid/>
    <damAssetLucene
        jcr:primaryType="oak:QueryIndexDefinition"
        async="[async,nrt]"
        compatVersion="{Long}2"
        evaluatePathRestrictions="{Boolean}true"
        includedPaths="[/content/dam]"
        reindex="{Boolean}false"
        reindexCount="{Long}46"
        type="lucene">
        <analyzers jcr:primaryType="nt:unstructured">
            <default jcr:primaryType="nt:unstructured">
                <filters jcr:primaryType="nt:unstructured">
                    <LowerCase jcr:primaryType="nt:unstructured"/>
                    <Synonym
                        jcr:primaryType="nt:unstructured"
                        synonyms="synonyms.txt">
                        <synonyms.txt/>
                    </Synonym>
                    <ASCIIFolding jcr:primaryType="nt:unstructured"/>
                    <Stop
                        jcr:primaryType="nt:unstructured"
                        words="stopwords.txt">
                        <stopwords.txt/>
                    </Stop>
                    <KeywordMarker
                        jcr:primaryType="nt:unstructured"
                        protected="protectedwords.txt">
                        <protectedwords.txt/>
                    </KeywordMarker>
                    <StemmerOverride
                        jcr:primaryType="nt:unstructured"
                        dictionary="dictionary.txt">
                        <dictionary.txt/>
                    </StemmerOverride>
                    <PorterStem jcr:primaryType="nt:unstructured"/>
                </filters>
                <tokenizer
                    jcr:primaryType="nt:unstructured"
                    name="Standard"/>
            </default>
        </analyzers>
        <suggestion
            jcr:primaryType="nt:unstructured"
            suggestAnalyzed="{Boolean}true"
            suggestUpdateFrequencyMinutes="{Long}1"/>
    </damAssetLucene>
    <rep:policy/>
    <cqPayloadPath/>
    <nodetypeLucene/>
    <nodetype/>
    <ntBaseLucene/>
    <reference/>
    <ntBaseFacets/>
    <principalName/>
    <cqTagLucene/>
    <lucene/>
    <repTokenIndex/>
    <externalId/>
    <authorizableId/>
    <cqPageLucene/>
</jcr:root>
